tree9.jpg	tree	
tree8.png	tree	
tree7.jpg	tree	
tree6.jpg	tree	
tree5.jpg	tree	
tree40.jpg	tree	
tree4.jpg	tree	
tree39.jfif	tree	
tree38.jpg	tree	
tree37.jpg	tree	
tree36.jpg	tree	
tree35.jpg	tree	
tree34.jpg	tree	
tree33.jpg	tree	
tree32.jpg	tree	
tree31.jpg	tree	
tree30.jpg	tree	
tree3.jpg	tree	
tree29.jpg	tree	
tree28.jpg	tree	
tree27.jpg	tree	
tree26.jpg	tree	
tree25.jpg	tree	
tree24.jpg	tree	
tree23.jpg	tree	
tree22.jpg	tree	
tree21.jpg	tree	
tree20.jpg	tree	
tree2.png	tree	
tree19.jpg	tree	
tree18.jpg	tree	
tree17.jfif	tree	
tree16.jfif	tree	
tree15.jfif	tree	
tree14.jpg	tree	
tree13.jpg	tree	
tree12.jpg	tree	
tree11.jpg	tree	
tree10.jpg	tree	
tree1.jpg	tree	
car9.jpg	car	
car8.jpg	car	
car7.jpg	car	
car6.jpg	car	
car5.jpg	car	
car41.jpg	car	
car40.JPG	car	
car4.JPG	car	
car39.jpg	car	
car38.jpg	car	
car37.JPG	car	
car36.JPG	car	
car35.JPG	car	
car34.jpg	car	
car33.jpg	car	
car32.jpg	car	
car31.JPG	car	
car30.jpg	car	
car3.jpg	car	
car29.JPG	car	
car28.jpg	car	
car27.jpg	car	
car26.jpg	car	
car25.jpg	car	
car24.jpg	car	
car23.jpg	car	
car22.jpg	car	
car21.JPG	car	
car20.JPG	car	
car2.jfif	car	
car19.jpg	car	
car18.jpg	car	
car17.jpg	car	
car16.JPG	car	
car15.jpg	car	
car14.jpg	car	
car13.JPG	car	
car12.jpg	car	
car11.jpg	car	
car10.jpg	car	
car1.jpg	car	
